{
	"id": 2,
	"attributes": {
		"Is Enabled": true,
		"Name": "Basket",
		"Tags": [],
		"Position": "0 0 0",
		"Rotation": "1 0 0 0",
		"Scale": "1 1 1",
		"Variables": {}
	},
	"components": [
		{
			"type": "StaticSprite2D",
			"id": 2,
			"attributes": {
				"Sprite": "Sprite2D;Basket.png",
				"Draw Rectangle": "-1 -1 1 1"
			}
		},
		{
			"type": "RigidBody2D",
			"id": 4,
			"attributes": null
		},
		{
			"type": "CollisionPolygon2D",
			"id": 6,
			"attributes": {
				"Category Bits": 1,
				"Mask Bits": 65535,
				"Vertices": "138 194 69 191 142 37 63 191 196 47 70 191 124 20 238 190 0 0 128 191 122 20 46 63 76 27 128 191 201 146 127 191"
			}
		},
		{
			"type": "CollisionPolygon2D",
			"id": 7,
			"attributes": {
				"Category Bits": 1,
				"Mask Bits": 65535,
				"Friction": 1.0
			}
		},
		{
			"type": "CollisionPolygon2D",
			"id": 8,
			"attributes": {
				"Category Bits": 1,
				"Mask Bits": 65535,
				"Vertices": "76 27 128 191 201 146 127 191 158 112 45 191 201 146 127 191 100 201 127 63 200 146 127 191 184 30 5 63 0 0 64 191 138 194 69 191 142 37 63 191"
			}
		},
		{
			"type": "CollisionPolygon2D",
			"id": 9,
			"attributes": {
				"Category Bits": 1,
				"Mask Bits": 65535,
				"Friction": 1.0
			}
		},
		{
			"type": "CollisionPolygon2D",
			"id": 10,
			"attributes": {
				"Category Bits": 1,
				"Mask Bits": 65535,
				"Vertices": "100 201 127 63 200 146 127 191 156 153 65 63 200 146 63 191 184 30 5 63 0 0 64 191"
			}
		},
		{
			"type": "CollisionPolygon2D",
			"id": 11,
			"attributes": {
				"Category Bits": 1,
				"Mask Bits": 65535,
				"Friction": 1.0
			}
		},
		{
			"type": "CollisionPolygon2D",
			"id": 12,
			"attributes": {
				"Category Bits": 1,
				"Mask Bits": 65535,
				"Vertices": "100 201 127 63 200 146 127 191 100 71 128 63 0 116 218 186 236 234 127 63 180 228 127 63 52 204 66 63 180 228 127 63 92 143 66 63 236 81 56 63 156 153 65 63 200 146 63 191"
			}
		},
		{
			"type": "CollisionPolygon2D",
			"id": 13,
			"attributes": {
				"Category Bits": 1,
				"Mask Bits": 65535,
				"Friction": 1.0
			}
		},
		{
			"type": "CollisionPolygon2D",
			"id": 14,
			"attributes": {
				"Category Bits": 1,
				"Mask Bits": 65535,
				"Vertices": "196 47 70 191 124 20 238 190 141 194 69 191 28 232 116 63 199 47 70 191 198 146 127 63 0 0 128 191 0 0 128 63 0 0 128 191 122 20 46 63"
			}
		},
		{
			"type": "CollisionPolygon2D",
			"id": 15,
			"attributes": {
				"Category Bits": 1,
				"Mask Bits": 65535,
				"Friction": 1.0
			}
		}
	],
	"children": []
}