{
	"id": 16777217,
	"attributes": {
		"Is Enabled": true,
		"Name": "MyLight",
		"Tags": [
			"MyLight"
		],
		"Position": "0 0 0",
		"Rotation": "1 0 0 0",
		"Scale": "1 1 1",
		"Variables": {}
	},
	"components": [
		{
			"type": "StaticSprite2D",
			"id": 16777228,
			"attributes": {
				"View Mask": 127,
				"Sprite": "Sprite2D;Textures/hehe.png",
				"Draw Rectangle": "-0.5 -0.5 0.5 0.5",
				"Texture Rectangle": "5e-07 0.999999 0.999999 5e-07"
			}
		}
	],
	"children": [
		{
			"id": 16777218,
			"attributes": {
				"Is Enabled": true,
				"Name": "",
				"Tags": [],
				"Position": "0 0 0",
				"Rotation": "1 0 0 0",
				"Scale": "20 20 1",
				"Variables": {}
			},
			"components": [
				{
					"type": "StaticSprite2D",
					"id": 16777232,
					"attributes": {
						"View Mask": 127,
						"Sprite": "Sprite2D;Textures/Wall2.png",
						"Color": "1 1 1 0.49",
						"Custom material": "Material;Materials/MyLight.xml",
						"Draw Rectangle": "-0.5 -0.5 0.5 0.5",
						"Texture Rectangle": "5e-07 0.999999 0.999999 5e-07"
					}
				}
			],
			"children": []
		}
	]
}