{
	"id": 47,
	"attributes": {
		"Is Enabled": true,
		"Name": "Wall",
		"Tags": [
			"Building"
		],
		"Position": "-4 2 0",
		"Rotation": "1 0 0 0",
		"Scale": "1 1 1",
		"Variables": {
			"B1491B30": {
				"type": "Int",
				"value": 0
			}
		}
	},
	"components": [
		{
			"type": "StaticSprite2D",
			"id": 51,
			"attributes": {
				"Layer": 10,
				"View Mask": 127,
				"Sprite": "Sprite2D;Textures/Wall.png",
				"Use Hot Spot": true,
				"Draw Rectangle": "-0.5 -0.5 0.5 0.5",
				"Texture Rectangle": "0 1 1 0",
				"Use Texture Rectangle": true
			}
		},
		{
			"type": "StaticSprite2D",
			"id": 58,
			"attributes": {
				"Layer": 10,
				"View Mask": 128,
				"Sprite": "Sprite2D;Textures/Wall2.png",
				"Use Hot Spot": true,
				"Draw Rectangle": "-0.5 -0.5 0.5 0.5",
				"Texture Rectangle": "0 1 1 0",
				"Use Texture Rectangle": true
			}
		}
	],
	"children": []
}