<renderpath>
    <rendertarget name="light2" sizedivisor="1 1" format="rgba" />
    <rendertarget name="lightdepth" sizedivisor="1 1" format="rgba" />
    <command type="clear" color="fog" depth="1.0" stencil="0" />
	
    <command type="clear" color="0 0 0 0" depth="1.0" stencil="0" output="light2" />
	
    <command type="clear" color="0 0 0 0" depth="1.0" stencil="0" output="lightdepth" />
	

	<command type="scenepass" pass="MyLight" vertexlights="true" sort="backtofront" metadata="alpha" output="light2"/>
	
	<command type="scenepass" pass="alpha" vertexlights="true" sort="backtofront" metadata="alpha"/>
	<command type="quad" tag="Blur" vs="MyMixer" ps="MyMixer">
		<texture unit="normal" name="light2" />
        <texture unit="diffuse" name="viewport" />
    </command>
</renderpath>