<?xml version="1.0"?>
<element>
	<attribute name="Name" value="Hub" />
	<attribute name="Position" value="50 50" />
	<attribute name="Size" value="11 231" />
	<attribute name="Pivot" value="0 0" />
	<attribute name="Layout Mode" value="Vertical" />
	<element type="Text">
		<attribute name="Name" value="a1" />
		<attribute name="Pivot" value="0 0" />
		<attribute name="Top Left Color" value="0.85 0.85 0.85 1" />
		<attribute name="Top Right Color" value="0.85 0.85 0.85 1" />
		<attribute name="Bottom Left Color" value="0.85 0.85 0.85 1" />
		<attribute name="Bottom Right Color" value="0.85 0.85 0.85 1" />
		<attribute name="Font Size" value="15" />
		<attribute name="Text" value="" />
	</element>
	<element type="Text">
		<attribute name="Name" value="a2" />
		<attribute name="Pivot" value="0 0" />
		<attribute name="Top Left Color" value="0.85 0.85 0.85 1" />
		<attribute name="Top Right Color" value="0.85 0.85 0.85 1" />
		<attribute name="Bottom Left Color" value="0.85 0.85 0.85 1" />
		<attribute name="Bottom Right Color" value="0.85 0.85 0.85 1" />
		<attribute name="Font Size" value="15" />
		<attribute name="Text" value="" />
	</element>
	<element type="Text">
		<attribute name="Name" value="a3" />
		<attribute name="Pivot" value="0 0" />
		<attribute name="Top Left Color" value="0.85 0.85 0.85 1" />
		<attribute name="Top Right Color" value="0.85 0.85 0.85 1" />
		<attribute name="Bottom Left Color" value="0.85 0.85 0.85 1" />
		<attribute name="Bottom Right Color" value="0.85 0.85 0.85 1" />
		<attribute name="Font Size" value="15" />
		<attribute name="Text" value="" />
	</element>
	<element type="Text">
		<attribute name="Name" value="a4" />
		<attribute name="Pivot" value="0 0" />
		<attribute name="Top Left Color" value="0.85 0.85 0.85 1" />
		<attribute name="Top Right Color" value="0.85 0.85 0.85 1" />
		<attribute name="Bottom Left Color" value="0.85 0.85 0.85 1" />
		<attribute name="Bottom Right Color" value="0.85 0.85 0.85 1" />
		<attribute name="Font Size" value="15" />
		<attribute name="Text" value="" />
	</element>
	<element type="Text">
		<attribute name="Name" value="a5" />
		<attribute name="Pivot" value="0 0" />
		<attribute name="Top Left Color" value="0.85 0.85 0.85 1" />
		<attribute name="Top Right Color" value="0.85 0.85 0.85 1" />
		<attribute name="Bottom Left Color" value="0.85 0.85 0.85 1" />
		<attribute name="Bottom Right Color" value="0.85 0.85 0.85 1" />
		<attribute name="Font Size" value="15" />
		<attribute name="Text" value="" />
	</element>
	<element type="Text">
		<attribute name="Name" value="a6" />
		<attribute name="Pivot" value="0 0" />
		<attribute name="Top Left Color" value="0.85 0.85 0.85 1" />
		<attribute name="Top Right Color" value="0.85 0.85 0.85 1" />
		<attribute name="Bottom Left Color" value="0.85 0.85 0.85 1" />
		<attribute name="Bottom Right Color" value="0.85 0.85 0.85 1" />
		<attribute name="Font Size" value="15" />
		<attribute name="Text" value="" />
	</element>
	<element type="Text">
		<attribute name="Name" value="a7" />
		<attribute name="Pivot" value="0 0" />
		<attribute name="Top Left Color" value="0.85 0.85 0.85 1" />
		<attribute name="Top Right Color" value="0.85 0.85 0.85 1" />
		<attribute name="Bottom Left Color" value="0.85 0.85 0.85 1" />
		<attribute name="Bottom Right Color" value="0.85 0.85 0.85 1" />
		<attribute name="Font Size" value="15" />
		<attribute name="Text" value="" />
	</element>
	<element type="Text">
		<attribute name="Name" value="a8" />
		<attribute name="Pivot" value="0 0" />
		<attribute name="Top Left Color" value="0.85 0.85 0.85 1" />
		<attribute name="Top Right Color" value="0.85 0.85 0.85 1" />
		<attribute name="Bottom Left Color" value="0.85 0.85 0.85 1" />
		<attribute name="Bottom Right Color" value="0.85 0.85 0.85 1" />
		<attribute name="Font Size" value="15" />
		<attribute name="Text" value="" />
	</element>
	<element type="Text">
		<attribute name="Name" value="a9" />
		<attribute name="Pivot" value="0 0" />
		<attribute name="Top Left Color" value="0.85 0.85 0.85 1" />
		<attribute name="Top Right Color" value="0.85 0.85 0.85 1" />
		<attribute name="Bottom Left Color" value="0.85 0.85 0.85 1" />
		<attribute name="Bottom Right Color" value="0.85 0.85 0.85 1" />
		<attribute name="Font Size" value="15" />
		<attribute name="Text" value="" />
	</element>
	<element type="Text">
		<attribute name="Name" value="a10" />
		<attribute name="Pivot" value="0 0" />
		<attribute name="Top Left Color" value="0.85 0.85 0.85 1" />
		<attribute name="Top Right Color" value="0.85 0.85 0.85 1" />
		<attribute name="Bottom Left Color" value="0.85 0.85 0.85 1" />
		<attribute name="Bottom Right Color" value="0.85 0.85 0.85 1" />
		<attribute name="Font Size" value="15" />
		<attribute name="Text" value="" />
	</element>
	<element type="Text">
		<attribute name="Name" value="a11" />
		<attribute name="Pivot" value="0 0" />
		<attribute name="Top Left Color" value="0.85 0.85 0.85 1" />
		<attribute name="Top Right Color" value="0.85 0.85 0.85 1" />
		<attribute name="Bottom Left Color" value="0.85 0.85 0.85 1" />
		<attribute name="Bottom Right Color" value="0.85 0.85 0.85 1" />
		<attribute name="Font Size" value="15" />
		<attribute name="Text" value="" />
	</element>
</element>
