{
	"id": 1,
	"attributes": {
		"Name": "",
		"Time Scale": 1.0,
		"Smoothing Constant": 50.0,
		"Snap Threshold": 5.0,
		"Elapsed Time": 0.0,
		"Next Replicated Node ID": 65,
		"Next Replicated Component ID": 83,
		"Next Local Node ID": 16777220,
		"Next Local Component ID": 16777266,
		"Variables": {},
		"Variable Names": ""
	},
	"components": [
		{
			"type": "Octree",
			"id": 1,
			"attributes": null
		},
		{
			"type": "DebugRenderer",
			"id": 2,
			"attributes": null
		},
		{
			"type": "Renderer2D",
			"id": 6
		},
		{
			"type": "PhysicsWorld2D",
			"id": 55,
			"attributes": {
				"Draw Shape": true,
				"Allow Sleeping": true,
				"Warm Starting": true,
				"Auto Clear Forces": true
			}
		}
	],
	"children": [
		{
			"id": 2,
			"attributes": {
				"Is Enabled": true,
				"Name": "CameraNode",
				"Tags": [],
				"Position": "0 0 -5",
				"Rotation": "1 0 0 0",
				"Scale": "1 1 1",
				"Variables": {}
			},
			"components": [
				{
					"type": "Camera",
					"id": 3,
					"attributes": {
						"Near Clip": 0.0,
						"Aspect Ratio": 1.7777777910232545,
						"Orthographic": true,
						"View Mask": 127
					}
				}
			],
			"children": []
		},
		{
			"id": 47,
			"attributes": {
				"Is Enabled": true,
				"Name": "Wall",
				"Tags": [
					"Building"
				],
				"Position": "-3.5 -2 0",
				"Rotation": "1 0 0 0",
				"Scale": "1 1 1",
				"Variables": {
					"B1491B30": {
						"type": "Int",
						"value": 0
					}
				}
			},
			"components": [
				{
					"type": "StaticSprite2D",
					"id": 51,
					"attributes": {
						"Layer": 10,
						"View Mask": 127,
						"Sprite": "Sprite2D;Textures/Wall.png",
						"Use Hot Spot": true,
						"Draw Rectangle": "-0.5 -0.5 0.5 0.5",
						"Texture Rectangle": "0 1 1 0",
						"Use Texture Rectangle": true
					}
				},
				{
					"type": "StaticSprite2D",
					"id": 58,
					"attributes": {
						"Layer": 10,
						"View Mask": 128,
						"Sprite": "Sprite2D;Textures/Wall2.png",
						"Use Hot Spot": true,
						"Draw Rectangle": "-0.5 -0.5 0.5 0.5",
						"Texture Rectangle": "0 1 1 0",
						"Use Texture Rectangle": true
					}
				}
			],
			"children": []
		},
		{
			"id": 50,
			"attributes": {
				"Is Enabled": true,
				"Name": "CameraNode2",
				"Tags": [],
				"Position": "0 0 -5",
				"Rotation": "1 0 0 0",
				"Scale": "1 1 1",
				"Variables": {}
			},
			"components": [
				{
					"type": "Camera",
					"id": 57,
					"attributes": {
						"Near Clip": 0.0,
						"Aspect Ratio": 1.7777777910232545,
						"Orthographic": true,
						"View Mask": 128
					}
				}
			],
			"children": []
		},
		{
			"id": 51,
			"attributes": {
				"Is Enabled": true,
				"Name": "Wall",
				"Tags": [
					"Building"
				],
				"Position": "2.5 -0.5 0",
				"Rotation": "1 0 0 0",
				"Scale": "1 1 1",
				"Variables": {
					"B1491B30": {
						"type": "Int",
						"value": 0
					}
				}
			},
			"components": [
				{
					"type": "StaticSprite2D",
					"id": 59,
					"attributes": {
						"Layer": 10,
						"View Mask": 127,
						"Sprite": "Sprite2D;Textures/Wall.png",
						"Use Hot Spot": true,
						"Draw Rectangle": "-0.5 -0.5 0.5 0.5",
						"Texture Rectangle": "0 1 1 0",
						"Use Texture Rectangle": true
					}
				},
				{
					"type": "StaticSprite2D",
					"id": 60,
					"attributes": {
						"Layer": 10,
						"View Mask": 128,
						"Sprite": "Sprite2D;Textures/Wall2.png",
						"Use Hot Spot": true,
						"Draw Rectangle": "-0.5 -0.5 0.5 0.5",
						"Texture Rectangle": "0 1 1 0",
						"Use Texture Rectangle": true
					}
				}
			],
			"children": []
		},
		{
			"id": 52,
			"attributes": {
				"Is Enabled": true,
				"Name": "Wall",
				"Tags": [
					"Building"
				],
				"Position": "-3.5 1.5 0",
				"Rotation": "1 0 0 0",
				"Scale": "1 1 1",
				"Variables": {
					"B1491B30": {
						"type": "Int",
						"value": 0
					}
				}
			},
			"components": [
				{
					"type": "StaticSprite2D",
					"id": 61,
					"attributes": {
						"Layer": 10,
						"View Mask": 127,
						"Sprite": "Sprite2D;Textures/Wall.png",
						"Use Hot Spot": true,
						"Draw Rectangle": "-0.5 -0.5 0.5 0.5",
						"Texture Rectangle": "0 1 1 0",
						"Use Texture Rectangle": true
					}
				},
				{
					"type": "StaticSprite2D",
					"id": 62,
					"attributes": {
						"Layer": 10,
						"View Mask": 128,
						"Sprite": "Sprite2D;Textures/Wall2.png",
						"Use Hot Spot": true,
						"Draw Rectangle": "-0.5 -0.5 0.5 0.5",
						"Texture Rectangle": "0 1 1 0",
						"Use Texture Rectangle": true
					}
				}
			],
			"children": []
		},
		{
			"id": 53,
			"attributes": {
				"Is Enabled": true,
				"Name": "Wall",
				"Tags": [
					"Building"
				],
				"Position": "-5.5 -0.5 0",
				"Rotation": "1 0 0 0",
				"Scale": "1 1 1",
				"Variables": {
					"B1491B30": {
						"type": "Int",
						"value": 0
					}
				}
			},
			"components": [
				{
					"type": "StaticSprite2D",
					"id": 63,
					"attributes": {
						"Layer": 10,
						"View Mask": 127,
						"Sprite": "Sprite2D;Textures/Wall.png",
						"Use Hot Spot": true,
						"Draw Rectangle": "-0.5 -0.5 0.5 0.5",
						"Texture Rectangle": "0 1 1 0",
						"Use Texture Rectangle": true
					}
				},
				{
					"type": "StaticSprite2D",
					"id": 64,
					"attributes": {
						"Layer": 10,
						"View Mask": 128,
						"Sprite": "Sprite2D;Textures/Wall2.png",
						"Use Hot Spot": true,
						"Draw Rectangle": "-0.5 -0.5 0.5 0.5",
						"Texture Rectangle": "0 1 1 0",
						"Use Texture Rectangle": true
					}
				}
			],
			"children": []
		},
		{
			"id": 55,
			"attributes": {
				"Is Enabled": true,
				"Name": "Wall",
				"Tags": [
					"Building"
				],
				"Position": "1 1.5 0",
				"Rotation": "1 0 0 0",
				"Scale": "1 1 1",
				"Variables": {
					"B1491B30": {
						"type": "Int",
						"value": 0
					}
				}
			},
			"components": [
				{
					"type": "StaticSprite2D",
					"id": 67,
					"attributes": {
						"Layer": 10,
						"View Mask": 127,
						"Sprite": "Sprite2D;Textures/Wall.png",
						"Use Hot Spot": true,
						"Draw Rectangle": "-0.5 -0.5 0.5 0.5",
						"Texture Rectangle": "0 1 1 0",
						"Use Texture Rectangle": true
					}
				},
				{
					"type": "StaticSprite2D",
					"id": 68,
					"attributes": {
						"Layer": 10,
						"View Mask": 128,
						"Sprite": "Sprite2D;Textures/Wall2.png",
						"Use Hot Spot": true,
						"Draw Rectangle": "-0.5 -0.5 0.5 0.5",
						"Texture Rectangle": "0 1 1 0",
						"Use Texture Rectangle": true
					}
				}
			],
			"children": []
		},
		{
			"id": 56,
			"attributes": {
				"Is Enabled": true,
				"Name": "Wall",
				"Tags": [
					"Building"
				],
				"Position": "1 2.5 0",
				"Rotation": "1 0 0 0",
				"Scale": "1 1 1",
				"Variables": {
					"B1491B30": {
						"type": "Int",
						"value": 0
					}
				}
			},
			"components": [
				{
					"type": "StaticSprite2D",
					"id": 69,
					"attributes": {
						"Layer": 10,
						"View Mask": 127,
						"Sprite": "Sprite2D;Textures/Wall.png",
						"Use Hot Spot": true,
						"Draw Rectangle": "-0.5 -0.5 0.5 0.5",
						"Texture Rectangle": "0 1 1 0",
						"Use Texture Rectangle": true
					}
				},
				{
					"type": "StaticSprite2D",
					"id": 70,
					"attributes": {
						"Layer": 10,
						"View Mask": 128,
						"Sprite": "Sprite2D;Textures/Wall2.png",
						"Use Hot Spot": true,
						"Draw Rectangle": "-0.5 -0.5 0.5 0.5",
						"Texture Rectangle": "0 1 1 0",
						"Use Texture Rectangle": true
					}
				}
			],
			"children": []
		},
		{
			"id": 57,
			"attributes": {
				"Is Enabled": true,
				"Name": "Wall",
				"Tags": [
					"Building"
				],
				"Position": "1 -2 0",
				"Rotation": "1 0 0 0",
				"Scale": "1 1 1",
				"Variables": {
					"B1491B30": {
						"type": "Int",
						"value": 0
					}
				}
			},
			"components": [
				{
					"type": "StaticSprite2D",
					"id": 71,
					"attributes": {
						"Layer": 10,
						"View Mask": 127,
						"Sprite": "Sprite2D;Textures/Wall.png",
						"Use Hot Spot": true,
						"Draw Rectangle": "-0.5 -0.5 0.5 0.5",
						"Texture Rectangle": "0 1 1 0",
						"Use Texture Rectangle": true
					}
				},
				{
					"type": "StaticSprite2D",
					"id": 72,
					"attributes": {
						"Layer": 10,
						"View Mask": 128,
						"Sprite": "Sprite2D;Textures/Wall2.png",
						"Use Hot Spot": true,
						"Draw Rectangle": "-0.5 -0.5 0.5 0.5",
						"Texture Rectangle": "0 1 1 0",
						"Use Texture Rectangle": true
					}
				}
			],
			"children": []
		},
		{
			"id": 58,
			"attributes": {
				"Is Enabled": true,
				"Name": "Wall",
				"Tags": [
					"Building"
				],
				"Position": "1 0.5 18",
				"Rotation": "1 0 0 0",
				"Scale": "1 1 1",
				"Variables": {
					"B1491B30": {
						"type": "Int",
						"value": 0
					}
				}
			},
			"components": [
				{
					"type": "StaticSprite2D",
					"id": 73,
					"attributes": {
						"Layer": 10,
						"View Mask": 127,
						"Sprite": "Sprite2D;Textures/Wall.png",
						"Use Hot Spot": true,
						"Draw Rectangle": "-0.5 -0.5 0.5 0.5",
						"Texture Rectangle": "0 1 1 0",
						"Use Texture Rectangle": true
					}
				},
				{
					"type": "StaticSprite2D",
					"id": 74,
					"attributes": {
						"Layer": 10,
						"View Mask": 128,
						"Sprite": "Sprite2D;Textures/Wall2.png",
						"Use Hot Spot": true,
						"Draw Rectangle": "-0.5 -0.5 0.5 0.5",
						"Texture Rectangle": "0 1 1 0",
						"Use Texture Rectangle": true
					}
				}
			],
			"children": []
		},
		{
			"id": 59,
			"attributes": {
				"Is Enabled": true,
				"Name": "Wall",
				"Tags": [
					"Building"
				],
				"Position": "2 -1.5 0",
				"Rotation": "1 0 0 0",
				"Scale": "1 1 1",
				"Variables": {
					"B1491B30": {
						"type": "Int",
						"value": 0
					}
				}
			},
			"components": [
				{
					"type": "StaticSprite2D",
					"id": 75,
					"attributes": {
						"Layer": 10,
						"View Mask": 127,
						"Sprite": "Sprite2D;Textures/Wall.png",
						"Use Hot Spot": true,
						"Draw Rectangle": "-0.5 -0.5 0.5 0.5",
						"Texture Rectangle": "0 1 1 0",
						"Use Texture Rectangle": true
					}
				},
				{
					"type": "StaticSprite2D",
					"id": 76,
					"attributes": {
						"Layer": 10,
						"View Mask": 128,
						"Sprite": "Sprite2D;Textures/Wall2.png",
						"Use Hot Spot": true,
						"Draw Rectangle": "-0.5 -0.5 0.5 0.5",
						"Texture Rectangle": "0 1 1 0",
						"Use Texture Rectangle": true
					}
				}
			],
			"children": []
		},
		{
			"id": 61,
			"attributes": {
				"Is Enabled": true,
				"Name": "Floor",
				"Tags": [],
				"Position": "-2 0 0",
				"Rotation": "1 0 0 0",
				"Scale": "1 1 1",
				"Variables": {}
			},
			"components": [
				{
					"type": "StaticSprite2D",
					"id": 16777253,
					"attributes": {
						"View Mask": 127,
						"Sprite": "Sprite2D;Textures/Floor2.png",
						"Draw Rectangle": "-0.5 -0.5 0.5 0.5",
						"Use Draw Rectangle": true,
						"Texture Rectangle": "5e-07 0.999999 0.999999 5e-07"
					}
				}
			],
			"children": []
		},
		{
			"id": 62,
			"attributes": {
				"Is Enabled": true,
				"Name": "Wall",
				"Tags": [
					"Building"
				],
				"Position": "0 -2.5 0",
				"Rotation": "1 0 0 0",
				"Scale": "1 1 1",
				"Variables": {
					"B1491B30": {
						"type": "Int",
						"value": 0
					}
				}
			},
			"components": [
				{
					"type": "StaticSprite2D",
					"id": 77,
					"attributes": {
						"Layer": 10,
						"View Mask": 127,
						"Sprite": "Sprite2D;Textures/Wall.png",
						"Use Hot Spot": true,
						"Draw Rectangle": "-0.5 -0.5 0.5 0.5",
						"Texture Rectangle": "0 1 1 0",
						"Use Texture Rectangle": true
					}
				},
				{
					"type": "StaticSprite2D",
					"id": 78,
					"attributes": {
						"Layer": 10,
						"View Mask": 128,
						"Sprite": "Sprite2D;Textures/Wall2.png",
						"Use Hot Spot": true,
						"Draw Rectangle": "-0.5 -0.5 0.5 0.5",
						"Texture Rectangle": "0 1 1 0",
						"Use Texture Rectangle": true
					}
				}
			],
			"children": []
		},
		{
			"id": 63,
			"attributes": {
				"Is Enabled": true,
				"Name": "Wall",
				"Tags": [
					"Building"
				],
				"Position": "12 -2.5 0",
				"Rotation": "1 0 0 0",
				"Scale": "1 1 1",
				"Variables": {
					"B1491B30": {
						"type": "Int",
						"value": 0
					}
				}
			},
			"components": [
				{
					"type": "StaticSprite2D",
					"id": 79,
					"attributes": {
						"Layer": 10,
						"View Mask": 127,
						"Sprite": "Sprite2D;Textures/Wall.png",
						"Use Hot Spot": true,
						"Draw Rectangle": "-0.5 -0.5 0.5 0.5",
						"Texture Rectangle": "0 1 1 0",
						"Use Texture Rectangle": true
					}
				},
				{
					"type": "StaticSprite2D",
					"id": 80,
					"attributes": {
						"Layer": 10,
						"View Mask": 128,
						"Sprite": "Sprite2D;Textures/Wall2.png",
						"Use Hot Spot": true,
						"Draw Rectangle": "-0.5 -0.5 0.5 0.5",
						"Texture Rectangle": "0 1 1 0",
						"Use Texture Rectangle": true
					}
				}
			],
			"children": []
		},
		{
			"id": 64,
			"attributes": {
				"Is Enabled": true,
				"Name": "Wall",
				"Tags": [
					"Building"
				],
				"Position": "12 7 0",
				"Rotation": "1 0 0 0",
				"Scale": "1 1 1",
				"Variables": {
					"B1491B30": {
						"type": "Int",
						"value": 0
					}
				}
			},
			"components": [
				{
					"type": "StaticSprite2D",
					"id": 81,
					"attributes": {
						"Layer": 10,
						"View Mask": 127,
						"Sprite": "Sprite2D;Textures/Wall.png",
						"Use Hot Spot": true,
						"Draw Rectangle": "-0.5 -0.5 0.5 0.5",
						"Texture Rectangle": "0 1 1 0",
						"Use Texture Rectangle": true
					}
				},
				{
					"type": "StaticSprite2D",
					"id": 82,
					"attributes": {
						"Layer": 10,
						"View Mask": 128,
						"Sprite": "Sprite2D;Textures/Wall2.png",
						"Use Hot Spot": true,
						"Draw Rectangle": "-0.5 -0.5 0.5 0.5",
						"Texture Rectangle": "0 1 1 0",
						"Use Texture Rectangle": true
					}
				}
			],
			"children": []
		}
	]
}